{"cameraMode":{"drawMode":0,"name":"Shaded","section":"Shading Mode"},"sceneLighting":false,"audioPlay":false,"sceneViewState":{"showFog":true,"showMaterialUpdate":false,"showSkybox":true,"showFlares":true,"showImageEffects":true,"showParticleSystems":true},"in2DMode":false,"pivot":{"x":0.5603618621826172,"y":1.74247407913208,"z":0.7403640747070313},"rotation":{"x":-0.10081367939710617,"y":0.7308319211006165,"z":-0.11072120815515518,"w":-0.6659295558929443},"size":174.5734405517578,"orthographic":false}