{"cameraMode":{"drawMode":0,"name":"Shaded","section":"Shading Mode"},"sceneLighting":true,"audioPlay":false,"sceneViewState":{"showFog":true,"showMaterialUpdate":false,"showSkybox":true,"showFlares":true,"showImageEffects":true,"showParticleSystems":true},"in2DMode":false,"pivot":{"x":429.8250732421875,"y":1.7948126792907715,"z":91.22783660888672},"rotation":{"x":-0.32211440801620486,"y":0.3483874797821045,"z":-0.12887661159038545,"w":-0.870780885219574},"size":105.2823257446289,"orthographic":false}