{"cameraMode":{"drawMode":0,"name":"Shaded","section":"Shading Mode"},"sceneLighting":true,"audioPlay":false,"sceneViewState":{"showFog":true,"showMaterialUpdate":true,"showSkybox":true,"showFlares":true,"showImageEffects":true,"showParticleSystems":true},"in2DMode":false,"pivot":{"x":-15.160930633544922,"y":6.30864143371582,"z":10.979852676391602},"rotation":{"x":-0.035653840750455859,"y":-0.9635050296783447,"z":0.16518260538578034,"w":-0.20760947465896607},"size":11.987357139587403,"orthographic":false}