{"cameraMode":{"drawMode":0,"name":"Shaded","section":"Shading Mode"},"sceneLighting":true,"audioPlay":false,"sceneViewState":{"showFog":true,"showMaterialUpdate":false,"showSkybox":true,"showFlares":true,"showImageEffects":true,"showParticleSystems":true},"in2DMode":false,"pivot":{"x":9.864069938659668,"y":7.398484230041504,"z":-0.5384171605110169},"rotation":{"x":-0.022556452080607415,"y":-0.7046289443969727,"z":0.022421257570385934,"w":-0.7088629603385925},"size":23.217323303222658,"orthographic":false}