{"cameraMode":{"drawMode":0,"name":"Shaded","section":"Shading Mode"},"sceneLighting":false,"audioPlay":false,"sceneViewState":{"showFog":true,"showMaterialUpdate":false,"showSkybox":true,"showFlares":true,"showImageEffects":true,"showParticleSystems":true},"in2DMode":false,"pivot":{"x":-6.705522537231445e-7,"y":0.026803407818078996,"z":-1.1920928955078126e-7},"rotation":{"x":-0.05122988298535347,"y":0.37018024921417239,"z":0.02045443095266819,"w":0.9273207187652588},"size":1.8731518983840943,"orthographic":false}