{"cameraMode":{"drawMode":0,"name":"Shaded","section":"Shading Mode"},"sceneLighting":true,"audioPlay":false,"sceneViewState":{"showFog":true,"showMaterialUpdate":true,"showSkybox":true,"showFlares":true,"showImageEffects":true,"showParticleSystems":true},"in2DMode":false,"pivot":{"x":24.981128692626954,"y":29.94287109375,"z":65.84957122802735},"rotation":{"x":-0.05672077462077141,"y":0.4412132501602173,"z":-0.02801021933555603,"w":-0.8951699137687683},"size":2.3982105255126955,"orthographic":false}