{"cameraMode":{"drawMode":0,"name":"Shaded","section":"Shading Mode"},"sceneLighting":true,"audioPlay":false,"sceneViewState":{"showFog":true,"showMaterialUpdate":false,"showSkybox":true,"showFlares":true,"showImageEffects":true,"showParticleSystems":true},"in2DMode":false,"pivot":{"x":604.5502319335938,"y":30.790809631347658,"z":-24.200199127197267},"rotation":{"x":0.06506135314702988,"y":0.8803368806838989,"z":-0.12657879292964936,"w":0.45249515771865847},"size":123.58918762207031,"orthographic":false}