{"cameraMode":{"drawMode":0,"name":"Shaded","section":"Shading Mode"},"sceneLighting":true,"audioPlay":false,"sceneViewState":{"showFog":true,"showMaterialUpdate":true,"showSkybox":true,"showFlares":true,"showImageEffects":true,"showParticleSystems":true},"in2DMode":false,"pivot":{"x":24.72068977355957,"y":29.64715003967285,"z":65.68994903564453},"rotation":{"x":0.07596060633659363,"y":0.8938266634941101,"z":-0.1656985729932785,"w":0.40969255566596987},"size":7.148855686187744,"orthographic":false}