{"cameraMode":{"drawMode":0,"name":"Shaded","section":"Shading Mode"},"sceneLighting":false,"audioPlay":false,"sceneViewState":{"showFog":true,"showMaterialUpdate":false,"showSkybox":true,"showFlares":true,"showImageEffects":true,"showParticleSystems":true},"in2DMode":false,"pivot":{"x":-7.285320281982422,"y":0.6600418090820313,"z":5.272967338562012},"rotation":{"x":-0.2682268023490906,"y":-0.6558878421783447,"z":0.26984378695487978,"w":-0.6519584655761719},"size":57.691078186035159,"orthographic":false}