{"cameraMode":{"drawMode":0,"name":"Shaded","section":"Shading Mode"},"sceneLighting":true,"audioPlay":false,"sceneViewState":{"showFog":true,"showMaterialUpdate":true,"showSkybox":true,"showFlares":true,"showImageEffects":true,"showParticleSystems":true},"in2DMode":false,"pivot":{"x":24.700000762939454,"y":28.54800033569336,"z":65.5},"rotation":{"x":-0.2244643270969391,"y":-0.4701680541038513,"z":0.12493187934160233,"w":-0.8443636298179627},"size":11.547019004821778,"orthographic":false}