{"cameraMode":{"drawMode":0,"name":"Shaded","section":"Shading Mode"},"sceneLighting":true,"audioPlay":false,"sceneViewState":{"showFog":true,"showMaterialUpdate":false,"showSkybox":true,"showFlares":true,"showImageEffects":true,"showParticleSystems":true},"in2DMode":false,"pivot":{"x":199.840087890625,"y":29.91922378540039,"z":29.603717803955079},"rotation":{"x":-0.05800437182188034,"y":-0.6354846954345703,"z":0.04791522026062012,"w":-0.7684392333030701},"size":127.49944305419922,"orthographic":false}