{"cameraMode":{"drawMode":0,"name":"Shaded","section":"Shading Mode"},"sceneLighting":true,"audioPlay":false,"sceneViewState":{"showFog":true,"showMaterialUpdate":true,"showSkybox":true,"showFlares":true,"showImageEffects":true,"showParticleSystems":true},"in2DMode":false,"pivot":{"x":424.1034240722656,"y":0.3414478302001953,"z":82.08576202392578},"rotation":{"x":-0.13269749283790589,"y":-0.6912141442298889,"z":0.13133636116981507,"w":-0.6981154084205627},"size":65.64739990234375,"orthographic":false}