{"cameraMode":{"drawMode":0,"name":"Shaded","section":"Shading Mode"},"sceneLighting":true,"audioPlay":false,"sceneViewState":{"showFog":true,"showMaterialUpdate":false,"showSkybox":true,"showFlares":true,"showImageEffects":true,"showParticleSystems":true},"in2DMode":false,"pivot":{"x":615.7805786132813,"y":265.6485900878906,"z":-91.86076354980469},"rotation":{"x":0.4142117500305176,"y":-0.2991487681865692,"z":0.14629364013671876,"w":0.8470755219459534},"size":150.9815216064453,"orthographic":false}