{"cameraMode":{"drawMode":0,"name":"Shaded","section":"Shading Mode"},"sceneLighting":false,"audioPlay":false,"sceneViewState":{"showFog":false,"showMaterialUpdate":false,"showSkybox":false,"showFlares":false,"showImageEffects":false,"showParticleSystems":false},"in2DMode":false,"pivot":{"x":24.286951065063478,"y":6.960000038146973,"z":32.84828567504883},"rotation":{"x":0.03009558841586113,"y":0.9528553485870361,"z":-0.1007094755768776,"w":0.28463780879974368},"size":0.00005923371281824075,"orthographic":false}