{"cameraMode":{"drawMode":0,"name":"Shaded","section":"Shading Mode"},"sceneLighting":true,"audioPlay":false,"sceneViewState":{"showFog":true,"showMaterialUpdate":true,"showSkybox":true,"showFlares":true,"showImageEffects":true,"showParticleSystems":true},"in2DMode":false,"pivot":{"x":39.22773742675781,"y":-5.789741516113281,"z":-17.66744613647461},"rotation":{"x":0.14311175048351289,"y":-0.8024333715438843,"z":0.21333593130111695,"w":0.5386163592338562},"size":265.02777099609377,"orthographic":false}