{"cameraMode":{"drawMode":0,"name":"Shaded","section":"Shading Mode"},"sceneLighting":true,"audioPlay":false,"sceneViewState":{"showFog":true,"showMaterialUpdate":true,"showSkybox":true,"showFlares":true,"showImageEffects":true,"showParticleSystems":true},"in2DMode":false,"pivot":{"x":5.213232040405273,"y":0.7793567776679993,"z":6.558204650878906},"rotation":{"x":0.16850301623344422,"y":0.7112471461296082,"z":-0.18221412599086762,"w":0.6576718091964722},"size":7.211545467376709,"orthographic":false}