{"cameraMode":{"drawMode":0,"name":"Shaded","section":"Shading Mode"},"sceneLighting":true,"audioPlay":false,"sceneViewState":{"showFog":true,"showMaterialUpdate":true,"showSkybox":true,"showFlares":true,"showImageEffects":true,"showParticleSystems":true},"in2DMode":false,"pivot":{"x":20.153371810913087,"y":4.909285545349121,"z":32.82651138305664},"rotation":{"x":-0.19089855253696443,"y":-0.6739192605018616,"z":0.1867082118988037,"w":-0.6888618469238281},"size":16.451475143432618,"orthographic":false}