{"cameraMode":{"drawMode":0,"name":"Shaded","section":"Shading Mode"},"sceneLighting":true,"audioPlay":false,"sceneViewState":{"showFog":true,"showMaterialUpdate":false,"showSkybox":true,"showFlares":true,"showImageEffects":true,"showParticleSystems":true},"in2DMode":false,"pivot":{"x":196.57528686523438,"y":1.242206335067749,"z":23.765262603759767},"rotation":{"x":0.040760163217782977,"y":-0.04038528725504875,"z":0.0016937126638367773,"w":0.9983510375022888},"size":3.858476400375366,"orthographic":false}