{"cameraMode":{"drawMode":0,"name":"Shaded","section":"Shading Mode"},"sceneLighting":true,"audioPlay":false,"sceneViewState":{"showFog":true,"showMaterialUpdate":true,"showSkybox":true,"showFlares":true,"showImageEffects":true,"showParticleSystems":true},"in2DMode":false,"pivot":{"x":20.153371810913087,"y":3.7808516025543215,"z":32.82651138305664},"rotation":{"x":0.140102818608284,"y":-0.8507543802261353,"z":0.2846124768257141,"w":0.4190274477005005},"size":16.451480865478517,"orthographic":false}