{"cameraMode":{"drawMode":0,"name":"Shaded","section":"Shading Mode"},"sceneLighting":true,"audioPlay":false,"sceneViewState":{"showFog":true,"showMaterialUpdate":false,"showSkybox":true,"showFlares":true,"showImageEffects":true,"showParticleSystems":true},"in2DMode":false,"pivot":{"x":354.8699951171875,"y":8.970564842224121,"z":83.71739196777344},"rotation":{"x":0.06536365300416947,"y":-0.09158475697040558,"z":-0.006087106186896563,"w":-0.99363112449646},"size":13.714882850646973,"orthographic":false}